<?xml version="1.0" encoding="UTF-8"?>
<project-private xmlns="http://www.netbeans.org/ns/project-private/1">
    <editor-bookmarks xmlns="http://www.netbeans.org/ns/editor-bookmarks/2" lastBookmarkId="0"/>
    <open-files xmlns="http://www.netbeans.org/ns/projectui-open-files/2">
        <group>
            <file>file:/C:/Users/tet/Documents/NetBeansProjects/CSCI314SPRINT/src/User/User.java</file>
            <file>file:/C:/Users/tet/Documents/NetBeansProjects/CSCI314SPRINT/src/Gui/AuthorMenu.java</file>
            <file>file:/C:/Users/tet/Documents/NetBeansProjects/CSCI314SPRINT/src/Gui/ProfileTypeView.java</file>
            <file>file:/C:/Users/tet/Documents/NetBeansProjects/CSCI314SPRINT/src/ETC/Papers.java</file>
            <file>file:/C:/Users/tet/Documents/NetBeansProjects/CSCI314SPRINT/src/ControllerClass/ReviewerController.java</file>
            <file>file:/C:/Users/tet/Documents/NetBeansProjects/CSCI314SPRINT/src/User/Reviewer.java</file>
            <file>file:/C:/Users/tet/Documents/NetBeansProjects/CSCI314SPRINT/src/Gui/ReviewerBid.java</file>
            <file>file:/C:/Users/tet/Documents/NetBeansProjects/CSCI314SPRINT/src/User/UserAccount.java</file>
            <file>file:/C:/Users/tet/Documents/NetBeansProjects/CSCI314SPRINT/src/Gui/ReviewerMenu.java</file>
            <file>file:/C:/Users/tet/Documents/NetBeansProjects/CSCI314SPRINT/src/Gui/ReviewerPapers.java</file>
            <file>file:/C:/Users/tet/Documents/NetBeansProjects/CSCI314SPRINT/src/Gui/AuthorPapers.java</file>
            <file>file:/C:/Users/tet/Documents/NetBeansProjects/CSCI314SPRINT/src/Gui/LoginGui.java</file>
            <file>file:/C:/Users/tet/Documents/NetBeansProjects/CSCI314SPRINT/src/ControllerClass/AuthorController.java</file>
            <file>file:/C:/Users/tet/Documents/NetBeansProjects/CSCI314SPRINT/src/ETC/Bids.java</file>
            <file>file:/C:/Users/tet/Documents/NetBeansProjects/CSCI314SPRINT/src/Gui/SystemAdminMenu.java</file>
            <file>file:/C:/Users/tet/Documents/NetBeansProjects/CSCI314SPRINT/src/ControllerClass/LoginController.java</file>
            <file>file:/C:/Users/tet/Documents/NetBeansProjects/CSCI314SPRINT/src/User/UserProfile.java</file>
            <file>file:/C:/Users/tet/Documents/NetBeansProjects/CSCI314SPRINT/src/ETC/Reviews.java</file>
            <file>file:/C:/Users/tet/Documents/NetBeansProjects/CSCI314SPRINT/src/Gui/ConChairPapers.java</file>
            <file>file:/C:/Users/tet/Documents/NetBeansProjects/CSCI314SPRINT/src/Gui/ConChairMenu.java</file>
            <file>file:/C:/Users/tet/Documents/NetBeansProjects/CSCI314SPRINT/src/User/ConChair.java</file>
            <file>file:/C:/Users/tet/Documents/NetBeansProjects/CSCI314SPRINT/src/Gui/ViewUsers.java</file>
            <file>file:/C:/Users/tet/Documents/NetBeansProjects/CSCI314SPRINT/src/ControllerClass/ConChairController.java</file>
            <file>file:/C:/Users/tet/Documents/NetBeansProjects/CSCI314SPRINT/src/ControllerClass/SystemAdminController.java</file>
            <file>file:/C:/Users/tet/Documents/NetBeansProjects/CSCI314SPRINT/src/User/Author.java</file>
            <file>file:/C:/Users/tet/Documents/NetBeansProjects/CSCI314SPRINT/src/User/SystemAdmin.java</file>
        </group>
    </open-files>
</project-private>
